beruf;Titel;RefNr;arbeitgeber;Vom;modifikationsTimestamp;Eintritt ab;kundennummerHash;PLZ;Ort;arbeitsort.strasse;arbeitsort.region;Land;arbeitsort.koordinaten.lat;arbeitsort.koordinaten.lon;Umkreis (km);externeUrl;arbeitsort.adresszusatz;arbeitsort.ortsteil
Data Engineer;Data Analyst (m/w/d);13660-43672647-924-S;Riverty;2025-09-25;2025-09-25T00:00:00;2026-02-01;6FvND7ls28ibdlun07uriqhOFQK07pSDpNSNabhYnZ8=;44369;Dortmund;null;Nordrhein-Westfalen;Deutschland;51.5343165;7.4082941;19;;;
EDV-Fachkraft;HR Analyst (w/m/d);12781-15699430-KAL-S;WILO SE;2025-09-16;2025-09-16T13:12:38.6;2025-09-16;;44263;Dortmund;null;Nordrhein-Westfalen;Deutschland;51.487561;7.4987586;16;https://www.kalaydo.de/jobs/15699430/?utm_id=ba&utm_source=bundesagentur&utm_medium=unpaid-partner&utm_campaign=000&campaign=ba;;
Kostenanalytiker/in;Pricing Analyst (w/m/d);12288-4479713810-S;Hellweg;2025-09-16;2025-09-19T07:34:07.595;2025-09-20;;44149;Dortmund;null;Nordrhein-Westfalen;Deutschland;51.4999624;7.3972453;21;https://www.persy.jobs/persy/l/job-gwcxp-b;;
Supply-Chain-Manager/in;Analyst Bestandsmanagement (m/w/d);15772-5iGLBAw2-S;BAUKING GmbH;2025-08-12;2025-08-12T14:48:39.31;2025-08-12;eBioHmFwbXhyiQsJD1eemg13dMuTVMD_TXfknhqEZbI=;44263;Dortmund;Phoenixseestraße 11;Nordrhein-Westfalen;Deutschland;51.48822075472247;7.510891549413671;15;;;
Fachinformatiker/in - Systemintegration;IT Analyst Digitalisierung & HR (m/w/d);12608-1299577-28452-1-S;REWE digital GmbH;2025-07-22;2025-09-12T07:36:40.505;2025-09-13;GZjytjsQi_ElRry4JQkVkOM_2tJ-rFWK7eetSqV_5fw=;44309;Dortmund;null;Nordrhein-Westfalen;Deutschland;51.5253009;7.553807;10;;;
Informatiker/in;Senior Test-Analyst:in im Consulting;10000-1202502780-S;viadee Unternehmensberatung AG;2025-05-14;2025-08-22T08:08:05.827;2025-08-22;ze09QsDO0k5ZqvEmGPIUJpRfuFEuQGzTmE_vInalH8k=;44227;Dortmund;Martin-Schmeißer-Weg 10;Nordrhein-Westfalen;Deutschland;51.4915453;7.403873;21;;;
Business-Analyst/in;Business Analyst (m/w/d) Vertriebstechnik - Textorganisation;13635-2eccad82_JB4919508-S;Continentale Versicherungsverbund;2025-09-18;2025-09-18T17:14:04.671;2025-09-22;;44269;Dortmund;null;Nordrhein-Westfalen;Deutschland;51.484653;7.5246796;14;https://www.jobexport.de/job/4919508.html?exp=81&cid=2eccad82-c71f-4f04-9106-7d9df4a455e4;;
Business-Analyst/in;IT Business Analyst – Business Applications (m/w/d);13635-e9c41658_JB4919348-S;Brillen Rottler GmbH & Co. KG;2025-09-18;2025-09-18T14:13:06.417;2025-09-22;;59757;Arnsberg, Westfalen;null;Nordrhein-Westfalen;Deutschland;51.4293754;7.9336535;25;https://www.jobexport.de/job/4919348.html?exp=81&cid=e9c41658-3b5d-49af-8586-a04435e7b482;;
Business-Analyst/in;Business Analyst (m/w/d) Vertriebstechnik - Low-Code & Legacy-Anwendungen;13635-cba3b91e_JB4919505-S;Continentale Versicherungsverbund;2025-09-18;2025-09-18T17:14:04.504;2025-09-22;;44269;Dortmund;null;Nordrhein-Westfalen;Deutschland;51.484653;7.5246796;14;https://www.jobexport.de/job/4919505.html?exp=81&cid=cba3b91e-451c-47bb-a510-e44333c19964;;
Informatiker/in;Senior Projektleiter:in Data & AI im Consulting;10001-1001447291-S;viadee Unternehmensberatung AG;2025-05-22;2025-08-22T08:08:18.157;2025-08-22;ze09QsDO0k5ZqvEmGPIUJpRfuFEuQGzTmE_vInalH8k=;44149;Dortmund;Sebrathweg 7;Nordrhein-Westfalen;Deutschland;51.4999624;7.3972452;21;;;
Business-Analyst/in;(Senior-) Business Analyst für Telekommunikation (w/m/d);17311-147409-S;Capgemini Deutschland GmbH;2024-06-05;2025-09-09T14:36:45.925;2025-09-09;oWT74Mpbdj5YwZ5RocquNMW_kXPfYT21lJCUoSyvOdA=;44135;Dortmund;Löwenstraße 11a;Nordrhein-Westfalen;Deutschland;51.5095031;7.4703631;16;;Dortmund, Deutschland;
IT-Produktkoordinator/in;Business Analyst (m/w/d) für Personalverwaltungssoftware im Außendienst;12781-15619224-KAL-S;SIGNAL IDUNA Gruppe;2025-09-03;2025-09-16T07:36:55.102;2025-09-16;;44135;Dortmund;null;Nordrhein-Westfalen;Deutschland;51.5127673;7.4753817;15;https://www.kalaydo.de/jobs/15619224/?utm_id=ba&utm_source=bundesagentur&utm_medium=unpaid-partner&utm_campaign=000&campaign=ba;;
Controller/in;Business Analyst (m/w/d) Schwerpunkt logistisches Standortcontrolling;16724-0059232553-S;DGL Services GmbH;2025-09-05;2025-09-05T14:11:52.402;2025-09-06;yFjd1waMcnENeRkcTd4Mdz-WZ0u8kV0cRnlCYk6iNZU=;44329;Dortmund;Flautweg 5;Nordrhein-Westfalen;Deutschland;51.57005676025773;7.502174676917839;11;;;
Controller/in;Controlling Business Analyst (m/w/d) Vertriebscontrolling;16724-0059229878-S;DGL Services GmbH;2025-09-05;2025-09-05T13:31:14.711;2025-09-06;yFjd1waMcnENeRkcTd4Mdz-WZ0u8kV0cRnlCYk6iNZU=;44329;Dortmund;Flautweg 5;Nordrhein-Westfalen;Deutschland;51.57005676025773;7.502174676917839;11;;;
Informatiker/in;Business Analyst IT (m/w/d);10001-1001549932-S;akut... HR Consulting GmbH;2025-07-02;2025-09-12T14:10:17.598;2025-09-12;9w1phrLdtZNFNMiGLK-fCkL4fKZZBhMh4vMh8Pjddh8=;44141;Dortmund;null;Nordrhein-Westfalen;Deutschland;51.503396;7.4987873;14;;;
Wirtschaftsinformatiker/in (Hochschule);Junior Business Analyst*in Prozessmanagement;12846-1323914-2-S;Commerzbank AG;2025-02-04;2025-09-02T06:41:08.086;2025-09-02;4CLSLiXoe6aN6bu1ZDhKYYsFVYbHWnK8f1AMnS7f74E=;59067;Hamm, Westfalen;null;Nordrhein-Westfalen;Deutschland;51.664019;7.7869299;12;;;
IT-Berater/in;Senior IT Business Analyst (w/m/d);17311-150128-S;Capgemini Deutschland GmbH;2024-05-30;2025-09-18T13:47:28.862;2025-09-18;oWT74Mpbdj5YwZ5RocquNMW_kXPfYT21lJCUoSyvOdA=;44135;Dortmund;Löwenstrasse 11a;Nordrhein-Westfalen;Deutschland;51.5095031;7.4703631;16;;Dortmund, Deutschland;
Business-Analyst/in;IT Business Analyst - Schwerpunkt Dokumenten-Management-System (m/w/d);10000-1202485607-S;Schlüter-Systems KG;2025-05-13;2025-09-18T07:45:08.065;2025-09-18;_UiL-QKudz-yc2XCaNH-8hYhyznxgP9ListwxdhoxU4=;58640;Iserlohn;Schmölestr. 7;Nordrhein-Westfalen;Deutschland;51.4022255;7.6940712;20;;;
Projektleiter/in;Abteilungsleiter / Chapter Lead (m/w/d) Document Journey - Business Analysten;10001-1001754382-S;SIGNAL IDUNA Krankenversicheru ng a. G.;2025-08-28;2025-09-01T08:30:26.933;2025-09-01;NajmERuxuZU5hpO8rfqrdZVnpNktqxnuIiws1ebjEeE=;44139;Dortmund;Joseph-Scherer-Str. 3;Nordrhein-Westfalen;Deutschland;51.49753;7.4638691;17;;;Mitte
Wirtschaftsinformatiker/in (Hochschule);Senior Business Analyst:in im Consulting;10001-1000958449-S;viadee Unternehmensberatung AG;2024-12-16;2025-08-22T08:07:52.681;2025-08-22;ze09QsDO0k5ZqvEmGPIUJpRfuFEuQGzTmE_vInalH8k=;44227;Dortmund;Martin-Schmeißer-Weg 10;Nordrhein-Westfalen;Deutschland;51.4915454;7.4038731;21;;;
Prozessmanager/in - RPA;"Business Analyst (m/w/d) für die Abteilung „Immobilienverwaltung/Realkredite – Vermögensverwaltung""";17876-0059011623-S;Volkswohl Bund Lebensversicherung a.G.;2025-08-29;2025-08-29T12:35:56.926;2025-08-29;4Z0agyVZnh_yee6hNsIad5JoqmVH0rG3L4pn9RefLus=;44137;Dortmund;Südwall;Nordrhein-Westfalen;Deutschland;51.509693803403934;7.465377459579578;16;;;
